tweet_id,username,timestamp,content,content_norm,replies,retweets,likes,views,mentions,hashtags,query_tag,permalink,scraped_at,content_hash,engagement
2084165456899067968,nikkhilbk,2026-08-03 06:32:21+00:00,Nifty 50 Live Update RES: No Resistance SUP: Strong Support Bias: Positive Bulls continue to dominate with strong support. Intraday bias can change fast. #Nifty50 #Intraday #PriceAction,nifty 50 live update res: no resistance sup: strong support bias: positive bulls continue to dominate with strong support. intraday bias can change fast. #nifty50 #intraday #priceaction,0,0,0,123,[],"['nifty50', 'intraday', 'priceaction']",nifty50,https://x.com/nikkhilbk/status/2084165456899067968,2026-08-04T03:44:38.763197+00:00,663893e1ac96dd69012a3afda6adc0d3900ba79c,0
2084165690307805370,theksnegi_333,2026-08-03 06:33:17+00:00,Advance Support/Resistance and trend track indicator #nifty50 #banknifty #xauusd #bitcoin,advance support/resistance and trend track indicator #nifty50 #banknifty #xauusd #bitcoin,0,0,1,26,[],"['nifty50', 'banknifty', 'xauusd', 'bitcoin']",banknifty,https://x.com/theksnegi_333/status/2084165690307805370,2026-08-04T04:45:24.055639+00:00,56b220c8f571edb0985870c057114f7531aa0168,1
2084166294954529097,analyticsinme,2026-08-03 06:35:41+00:00,"Stock Market Today – Market Snapshot: Get your daily Stock Market Snapshot with the latest updates Follow @analyticsinme for timely business, technology, and market news. #StockMarket #MarketUpdate #Nifty50 #Sensex #TopGainers #TopLosers #IndianStockMarket #Investing","stock market today – market snapshot: get your daily stock market snapshot with the latest updates follow @analyticsinme for timely business, technology, and market news. #stockmarket #marketupdate #nifty50 #sensex #topgainers #toplosers #indianstockmarket #investing",1,0,0,0,['analyticsinme'],"['stockmarket', 'marketupdate', 'nifty50', 'sensex', 'topgainers', 'toplosers', 'indianstockmarket', 'investing']",nifty50,https://x.com/analyticsinme/status/2084166294954529097,2026-08-04T03:44:38.763197+00:00,4db0f31d1baf93647348124f77938d5c0c3cca72,1
2084166746211291507,OptionTrading03,2026-08-03 06:37:28+00:00,#Nifty full day !!?! + Ve - ve Comment below #Nifty #stock #trading #trader,#nifty full day !!?! + ve - ve comment below #nifty #stock #trading #trader,1,1,8,1353,[],"['nifty', 'nifty', 'stock', 'trading', 'trader']",mixed,https://x.com/OptionTrading03/status/2084166746211291507,2026-08-04T05:56:08.680839+00:00,281602253b09dd65d9c286f638e31337565417dd,10
2084167501982937417,strike_ic,2026-08-03 06:40:29+00:00,"Nifty is at a key level. Resistance: ~24,600 76.65% of stocks are on RMI Buy Market breadth is nearing a zone that has seen pullbacks before. Breakout or correction next? #Nifty50 #StockMarket #TechnicalAnalysis #MarketBreadth SEBI Reg Name: Indiacharts Data","nifty is at a key level. resistance: ~24,600 76.65% of stocks are on rmi buy market breadth is nearing a zone that has seen pullbacks before. breakout or correction next? #nifty50 #stockmarket #technicalanalysis #marketbreadth sebi reg name: indiacharts data",17,0,13,662,[],"['nifty50', 'stockmarket', 'technicalanalysis', 'marketbreadth']",nifty50,https://x.com/strike_ic/status/2084167501982937417,2026-08-04T03:44:38.763197+00:00,808a5db0ccc86214f82d789fca9eacf6d6807ea4,30
2084167929831059705,AmolDaas,2026-08-03 06:42:11+00:00,#Nifty #nifty50 #NiftyBank #Nifty500 #Sensex #Bearish #RetailInvestor #NiftyAuto,#nifty #nifty50 #niftybank #nifty500 #sensex #bearish #retailinvestor #niftyauto,0,0,0,84,[],"['nifty', 'nifty50', 'niftybank', 'nifty500', 'sensex', 'bearish', 'retailinvestor', 'niftyauto']",nifty50,https://x.com/AmolDaas/status/2084167929831059705,2026-08-04T03:44:38.763197+00:00,8896d1b1dee3f2a77a5474bd9bece84586525f21,0
2084168113898336589,FNO_with_Sahil,2026-08-03 06:42:54+00:00,Rangebound nifty till now..after a massive gapup market seems to be consolidating.. remember the first dip is always a good opportunity to enter with proper Stoploss #nifty #nifty50 #intraday #trading #optiontrading #optionbuying #sensex #iranwar,rangebound nifty till now..after a massive gapup market seems to be consolidating.. remember the first dip is always a good opportunity to enter with proper stoploss #nifty #nifty50 #intraday #trading #optiontrading #optionbuying #sensex #iranwar,0,0,4,374,[],"['nifty', 'nifty50', 'intraday', 'trading', 'optiontrading', 'optionbuying', 'sensex', 'iranwar']",nifty50,https://x.com/FNO_with_Sahil/status/2084168113898336589,2026-08-04T03:44:38.763197+00:00,466da2f665c014aed279400292f39c59e0b1a68d,4
2084168450763808986,Beyondbizmedia,2026-08-03 06:44:15+00:00,भारतीय शेयर बाजार के लिए राहत की खबर! Crude Oil की कीमतों में गिरावट और West Asia में कम होते तनाव से बाजार का आउटलुक मजबूत होता दिख रहा है। एक्सपर्ट्स का मानना है कि इससे महंगाई और कंपनियों की लागत पर भी सकारात्मक असर पड़ सकता है। #stockmarket #sensex #nifty50 #crudeoil,भारतीय शेयर बाजार के लिए राहत की खबर! crude oil की कीमतों में गिरावट और west asia में कम होते तनाव से बाजार का आउटलुक मजबूत होता दिख रहा है। एक्सपर्ट्स का मानना है कि इससे महंगाई और कंपनियों की लागत पर भी सकारात्मक असर पड़ सकता है। #stockmarket #sensex #nifty50 #crudeoil,0,0,0,59,[],"['stockmarket', 'sensex', 'nifty50', 'crudeoil']",nifty50,https://x.com/Beyondbizmedia/status/2084168450763808986,2026-08-04T03:44:38.763197+00:00,8eda69def42b1f59326001318c29b3bb96299230,0
2084168700308210134,bidarxxx,2026-08-03 06:45:14+00:00,#Intraday Buy #TataElxsi 3800CE 116,#intraday buy #tataelxsi 3800ce 116,2,0,2,394,[],"['intraday', 'tataelxsi']",intraday,https://x.com/bidarxxx/status/2084168700308210134,2026-08-04T04:41:05.095992+00:00,26e538d5ef4bc8d6ae2d34d13f48a10f69b8cfb4,4
2084169030596968456,T_Harth,2026-08-03 06:46:33+00:00,#BANKNIFTY above 20 DSMA today So both Indices are now aligned,#banknifty above 20 dsma today so both indices are now aligned,0,0,0,42,[],['banknifty'],banknifty,https://x.com/T_Harth/status/2084169030596968456,2026-08-04T04:43:32.529023+00:00,b7ed2c1e917fe41e9d5cf5a72399c2bf90c1aaf4,0
2084169131390066874,GrowPartne1210,2026-08-03 06:46:57+00:00,Shriramfin 1040CE(25th Aug) captured from 33 to 68 (~120%) Sharing updates here → telegram.me/+09dr385w3pJkN ... Focus on risk management and disciplined position sizing. #nifty #sensex #banknifty #stockmarket,shriramfin 1040ce(25th aug) captured from 33 to 68 (~120%) sharing updates here → telegram.me/+09dr385w3pjkn ... focus on risk management and disciplined position sizing. #nifty #sensex #banknifty #stockmarket,0,0,0,74,[],"['nifty', 'sensex', 'banknifty', 'stockmarket']",banknifty,https://x.com/GrowPartne1210/status/2084169131390066874,2026-08-04T04:43:32.529023+00:00,d0bb4ac7a406473d3bd6b980e2929fcd0ea63ba6,0
2084169154228363584,GrowPartne1210,2026-08-03 06:47:03+00:00,Banknifty 57800CE(25th Aug) captured from 670 to 840 (~40%) Sharing updates here → telegram.me/+09dr385w3pJkN ... Focus on risk management and disciplined position sizing. #nifty #sensex #banknifty #stockmarket,banknifty 57800ce(25th aug) captured from 670 to 840 (~40%) sharing updates here → telegram.me/+09dr385w3pjkn ... focus on risk management and disciplined position sizing. #nifty #sensex #banknifty #stockmarket,0,0,0,77,[],"['nifty', 'sensex', 'banknifty', 'stockmarket']",banknifty,https://x.com/GrowPartne1210/status/2084169154228363584,2026-08-04T04:43:32.529023+00:00,0b2ad647a2a88d0447fb45e7858dd6f18d5b3df5,0
2084169177628356963,GrowPartne1210,2026-08-03 06:47:08+00:00,Banknifty 57400CE(25th Aug) captured from 770 to 1090 (~70%) Sharing updates here → telegram.me/+09dr385w3pJkN ... Focus on risk management and disciplined position sizing. #nifty #sensex #banknifty #stockmarket,banknifty 57400ce(25th aug) captured from 770 to 1090 (~70%) sharing updates here → telegram.me/+09dr385w3pjkn ... focus on risk management and disciplined position sizing. #nifty #sensex #banknifty #stockmarket,0,0,0,73,[],"['nifty', 'sensex', 'banknifty', 'stockmarket']",banknifty,https://x.com/GrowPartne1210/status/2084169177628356963,2026-08-04T04:43:32.529023+00:00,2e3898be2da87ded05bb816e78c53465522d9dd9,0
2084169223811813641,GrowPartne1210,2026-08-03 06:47:19+00:00,Nifty 24300CE(4th Aug) captured from 240 to 305 (~40%) Sharing updates here → telegram.me/+09dr385w3pJkN ... Focus on risk management and disciplined position sizing. #nifty #sensex #banknifty #stockmarket,nifty 24300ce(4th aug) captured from 240 to 305 (~40%) sharing updates here → telegram.me/+09dr385w3pjkn ... focus on risk management and disciplined position sizing. #nifty #sensex #banknifty #stockmarket,0,0,0,87,[],"['nifty', 'sensex', 'banknifty', 'stockmarket']",sensex,https://x.com/GrowPartne1210/status/2084169223811813641,2026-08-04T06:24:57.192369+00:00,22dea4f4e68e87b501b1c916ad871d8edcadd361,0
2084169249850073539,GrowPartne1210,2026-08-03 06:47:25+00:00,Nifty 24150CE(4th Aug) captured from 210 to 450 (~120%) Sharing updates here → telegram.me/+09dr385w3pJkN ... Focus on risk management and disciplined position sizing. #nifty #sensex #banknifty #stockmarket,nifty 24150ce(4th aug) captured from 210 to 450 (~120%) sharing updates here → telegram.me/+09dr385w3pjkn ... focus on risk management and disciplined position sizing. #nifty #sensex #banknifty #stockmarket,0,0,0,78,[],"['nifty', 'sensex', 'banknifty', 'stockmarket']",sensex,https://x.com/GrowPartne1210/status/2084169249850073539,2026-08-04T06:24:57.192369+00:00,843d098b83036d42ad3fa27583068cdad05c0399,0
2084169277616304196,GrowPartne1210,2026-08-03 06:47:32+00:00,Sensex 78400CE(6th Aug) captured from 500 to 620 (~30%) Sharing updates here → telegram.me/+09dr385w3pJkN ... Focus on risk management and disciplined position sizing. #nifty #sensex #banknifty #stockmarket,sensex 78400ce(6th aug) captured from 500 to 620 (~30%) sharing updates here → telegram.me/+09dr385w3pjkn ... focus on risk management and disciplined position sizing. #nifty #sensex #banknifty #stockmarket,0,0,0,79,[],"['nifty', 'sensex', 'banknifty', 'stockmarket']",sensex,https://x.com/GrowPartne1210/status/2084169277616304196,2026-08-04T06:24:57.192369+00:00,f36bd73dd6486f3074d0d994f351c9b0a82e4627,0
2084169298612785527,GrowPartne1210,2026-08-03 06:47:37+00:00,Sensex 77800CE(6th Aug) captured from 490 to 1100 (~120%) Sharing updates here → telegram.me/+09dr385w3pJkN ... Focus on risk management and disciplined position sizing. #nifty #sensex #banknifty #stockmarket,sensex 77800ce(6th aug) captured from 490 to 1100 (~120%) sharing updates here → telegram.me/+09dr385w3pjkn ... focus on risk management and disciplined position sizing. #nifty #sensex #banknifty #stockmarket,0,0,0,83,[],"['nifty', 'sensex', 'banknifty', 'stockmarket']",sensex,https://x.com/GrowPartne1210/status/2084169298612785527,2026-08-04T06:24:57.192369+00:00,03b35e5d4ed69bbd19a0fd92f2577ebf0294febf,0
2084169320679313912,GrowPartne1210,2026-08-03 06:47:42+00:00,Nifty 24650CE(4th Aug) captured from 7 to 43 (~600%) Sharing updates here → telegram.me/+09dr385w3pJkN ... Focus on risk management and disciplined position sizing. #nifty #sensex #banknifty #stockmarket,nifty 24650ce(4th aug) captured from 7 to 43 (~600%) sharing updates here → telegram.me/+09dr385w3pjkn ... focus on risk management and disciplined position sizing. #nifty #sensex #banknifty #stockmarket,0,0,0,79,[],"['nifty', 'sensex', 'banknifty', 'stockmarket']",sensex,https://x.com/GrowPartne1210/status/2084169320679313912,2026-08-04T06:24:57.192369+00:00,e3217470c5920c17ebeae248f87301f467a5e00d,0
2084169341680202006,GrowPartne1210,2026-08-03 06:47:47+00:00,Nifty 24600CE(4th Aug) captured from 12 to 66 (~600%) Sharing updates here → telegram.me/+09dr385w3pJkN ... Focus on risk management and disciplined position sizing. #nifty #sensex #banknifty #stockmarket,nifty 24600ce(4th aug) captured from 12 to 66 (~600%) sharing updates here → telegram.me/+09dr385w3pjkn ... focus on risk management and disciplined position sizing. #nifty #sensex #banknifty #stockmarket,0,0,0,87,[],"['nifty', 'sensex', 'banknifty', 'stockmarket']",sensex,https://x.com/GrowPartne1210/status/2084169341680202006,2026-08-04T06:24:57.192369+00:00,c633ab984fcf882c29c6f2ed0541248471d36523,0
2084169368708276434,GrowPartne1210,2026-08-03 06:47:54+00:00,Sensex 79500CE(6th Jul) captured from 38 to 116 (~200%) Sharing updates here → telegram.me/+09dr385w3pJkN ... Focus on risk management and disciplined position sizing. #nifty #sensex #banknifty #stockmarket,sensex 79500ce(6th jul) captured from 38 to 116 (~200%) sharing updates here → telegram.me/+09dr385w3pjkn ... focus on risk management and disciplined position sizing. #nifty #sensex #banknifty #stockmarket,0,0,0,95,[],"['nifty', 'sensex', 'banknifty', 'stockmarket']",sensex,https://x.com/GrowPartne1210/status/2084169368708276434,2026-08-04T06:24:57.192369+00:00,f2c0013e87dbc80e67682f5717e3b8cb03c321a4,0
2084169406683423096,GrowPartne1210,2026-08-03 06:48:03+00:00,Sensex 79400CE(6th Jul) captured from 47 to 140 (~200%) Sharing updates here → telegram.me/+09dr385w3pJkN ... Focus on risk management and disciplined position sizing. #nifty #sensex #banknifty #stockmarket,sensex 79400ce(6th jul) captured from 47 to 140 (~200%) sharing updates here → telegram.me/+09dr385w3pjkn ... focus on risk management and disciplined position sizing. #nifty #sensex #banknifty #stockmarket,0,0,0,100,[],"['nifty', 'sensex', 'banknifty', 'stockmarket']",sensex,https://x.com/GrowPartne1210/status/2084169406683423096,2026-08-04T06:24:57.192369+00:00,e78c2674594a027b07044d8567ff685f896fa971,0
2084169453458379261,AToMCapital,2026-08-03 06:48:14+00:00,"Red-Red since morning, OTM2 Premiums were too low today. 30-30 ki Jodi for 1 DTE, Imagine the premiums on expiry. Kya he milna tha decay. #Nifty #sensex #1DTE #GiftNifty #options #trading","red-red since morning, otm2 premiums were too low today. 30-30 ki jodi for 1 dte, imagine the premiums on expiry. kya he milna tha decay. #nifty #sensex #1dte #giftnifty #options #trading",0,0,0,103,[],"['nifty', 'sensex', '1dte', 'giftnifty', 'options', 'trading']",sensex,https://x.com/AToMCapital/status/2084169453458379261,2026-08-04T06:24:57.192369+00:00,ca4cbfea7801430e0f336e83a7048a531d14e115,0
2084169481186836817,Nizamuddin0701,2026-08-03 06:48:20+00:00,#Q1Result Jackpot Trade? #CAMS 800 CE Buying range 28-30 TARGET - 35-38-40++++ #banknifty#sensex #giftnifty #nifty50 Educational Purpose Only | Not a Buy/Sell Recommendation,#q1result jackpot trade? #cams 800 ce buying range 28-30 target - 35-38-40++++ #banknifty#sensex #giftnifty #nifty50 educational purpose only | not a buy/sell recommendation,0,2,4,2463,[],"['q1result', 'cams', 'banknifty', 'sensex', 'giftnifty', 'nifty50']",banknifty,https://x.com/Nizamuddin0701/status/2084169481186836817,2026-08-04T04:43:29.057365+00:00,f3fe02ceff3a99a9d4d8c4164dee85226e84ab47,6
2084169897681043708,DearS_o_n,2026-08-03 06:50:00+00:00,"You're a man. Get out of your fucking room. Pack your laptop and go to a coffee shop. A hotel. Rent a bnb for the weekend. Go to a different city. Go ANYWHERE, but your room After 37 years of age as a man, I’ve finally come to realize that the only cure to depression is just","you're a man. get out of your fucking room. pack your laptop and go to a coffee shop. a hotel. rent a bnb for the weekend. go to a different city. go anywhere, but your room after 37 years of age as a man, i’ve finally come to realize that the only cure to depression is just",329,724,10018,1279993,[],[],mixed,https://x.com/DearS_o_n/status/2084169897681043708,2026-08-04T05:52:05.322035+00:00,f15531b6a479f1649ea35da108e0dcb5e2f07a98,11071
2084169995987365946,TheDojiWiz,2026-08-03 06:50:23+00:00,#banknifty #sensex #finnifty #cnxfinance #nifty UPDATE Took a risky short @ GIFTY 24696 Deep itm pe next expiry with a 15 pts SL *NO RECO * I'M BIASED BIAS KILLS,#banknifty #sensex #finnifty #cnxfinance #nifty update took a risky short @ gifty 24696 deep itm pe next expiry with a 15 pts sl *no reco * i'm biased bias kills,0,1,1,342,[],"['banknifty', 'sensex', 'finnifty', 'cnxfinance', 'nifty']",banknifty,https://x.com/TheDojiWiz/status/2084169995987365946,2026-08-04T04:43:29.057365+00:00,e4427cc9236a56be17dd1d69869fff198ea6605c,2
2084170011661447615,gridtrade_in,2026-08-03 06:50:27+00:00,"Bank Nifty 57500 Put -₹194 (trend flip) Educational only, not financial advice. #BankNifty #OptionsTrading #AlgoTrading #GridTradeIn #GridTradeIN #GridTradeAlgo","bank nifty 57500 put -₹194 (trend flip) educational only, not financial advice. #banknifty #optionstrading #algotrading #gridtradein #gridtradein #gridtradealgo",0,0,0,59,[],"['banknifty', 'optionstrading', 'algotrading', 'gridtradein', 'gridtradein', 'gridtradealgo']",banknifty,https://x.com/gridtrade_in/status/2084170011661447615,2026-08-04T04:43:29.057365+00:00,bcc0e3c88b33f1c138ec9361a6654cf2a9f3a6ae,0
2084170261650448634,TheDojiWiz,2026-08-03 06:51:27+00:00,#banknifty #sensex #finnifty #cnxfinance #nifty UPDATE CORRECTION Deep OTM next expiry,#banknifty #sensex #finnifty #cnxfinance #nifty update correction deep otm next expiry,0,0,1,123,[],"['banknifty', 'sensex', 'finnifty', 'cnxfinance', 'nifty']",banknifty,https://x.com/TheDojiWiz/status/2084170261650448634,2026-08-04T04:43:29.057365+00:00,0cb2459467853400dbf62e523ad51bcea22c5609,1
2084170743487811818,AbhayMehrotra15,2026-08-03 06:53:21+00:00,Nifty FMCG Index Up 1.25 % . #nifty #NiftyFmcg #BankNifty,nifty fmcg index up 1.25 % . #nifty #niftyfmcg #banknifty,0,0,0,303,[],"['nifty', 'niftyfmcg', 'banknifty']",banknifty,https://x.com/AbhayMehrotra15/status/2084170743487811818,2026-08-04T04:43:29.057365+00:00,e88b50e8d1fde894b8c2d5b434c54bef61de8fd6,0
2084172900878405866,0dteTraderX,2026-08-03 07:01:56+00:00,Then. Now. Forever #nifty #banknifty #giftnifty #sensex,then. now. forever #nifty #banknifty #giftnifty #sensex,0,2,0,448,[],"['nifty', 'banknifty', 'giftnifty', 'sensex']",banknifty,https://x.com/0dteTraderX/status/2084172900878405866,2026-08-04T04:43:29.057365+00:00,d94bf70a5aed54c20451aa4c71519393e5f88992,2
2084173058303197412,Snehalsays_03,2026-08-03 07:02:33+00:00,"Create a problem, sell a solution","create a problem, sell a solution",281,875,7364,303997,[],[],mixed,https://x.com/Snehalsays_03/status/2084173058303197412,2026-08-04T05:51:55.985731+00:00,336208daedede7d6fab43516e32af87f6e8b1f4a,8520
2084173237148422198,_Creer_sonador,2026-08-03 07:03:16+00:00,"Mphasis | I said it was still showing strong momentum. Within just 45 minutes, the stock delivered: 20+ points premium 30+ points move That’s the power of reading charts correctly,not guessing, but understanding momentum. #Nifty50 #PriceAction #StockMarket","mphasis | i said it was still showing strong momentum. within just 45 minutes, the stock delivered: 20+ points premium 30+ points move that’s the power of reading charts correctly,not guessing, but understanding momentum. #nifty50 #priceaction #stockmarket",1,0,3,168,[],"['nifty50', 'priceaction', 'stockmarket']",nifty50,https://x.com/_Creer_sonador/status/2084173237148422198,2026-08-04T03:44:34.596914+00:00,9355f5a5ccb214e057379c8f372c9179d91cb2c2,4
2084173534482592203,_filao,2026-08-03 07:04:27+00:00,"#NIFTY50 Update As discussed in yesterday's YouTube video, the previous bearish pattern has been negated above 23,530. However, the possibility of a sharp and meaningful correction is still very much alive. The key confirmation level is 24,224. A sustained break below","#nifty50 update as discussed in yesterday's youtube video, the previous bearish pattern has been negated above 23,530. however, the possibility of a sharp and meaningful correction is still very much alive. the key confirmation level is 24,224. a sustained break below",0,0,0,48,[],['nifty50'],nifty50,https://x.com/_filao/status/2084173534482592203,2026-08-04T03:44:34.596914+00:00,eb0085b22ff80471ad4a23b7751a405468917c4e,0
2084173675570577710,nikkhilbk,2026-08-03 07:05:00+00:00,Nifty 50 Live Update RES: No Resistance SUP: Strong Support Bias: Positive Buyers stay firmly in control. Intraday bias can change fast. #Nifty50 #Intraday #PriceAction,nifty 50 live update res: no resistance sup: strong support bias: positive buyers stay firmly in control. intraday bias can change fast. #nifty50 #intraday #priceaction,0,0,0,99,[],"['nifty50', 'intraday', 'priceaction']",nifty50,https://x.com/nikkhilbk/status/2084173675570577710,2026-08-04T03:44:34.596914+00:00,20b4ed853cae529b4b1b2cd9d92fe8522976e8dd,0
2084174271463805068,GThentu,2026-08-03 07:07:23+00:00,"Risky trade #NIFTYINTRADAYCALL Nifty 24600PE BUY @ 64 Target - 74,84,94++ Stop Loss - 54 NOT A SEBI REGISTERED RA. We are not responsible for your profit and loss. #NIFTY50 #SENSEX #INTRADAY#stockmarketindia","risky trade #niftyintradaycall nifty 24600pe buy @ 64 target - 74,84,94++ stop loss - 54 not a sebi registered ra. we are not responsible for your profit and loss. #nifty50 #sensex #intraday#stockmarketindia",2,0,0,136,[],"['niftyintradaycall', 'nifty50', 'sensex', 'intraday', 'stockmarketindia']",nifty50,https://x.com/GThentu/status/2084174271463805068,2026-08-04T03:44:34.596914+00:00,90aec8270dc39e4ccdd703265602897bcfefe817,2
2084174508097704330,activet82,2026-08-03 07:08:19+00:00,"Entering nifty puts here at CMP 24605. I am entering next week expiry to avoid lot of decay, just in case the movement is not that sharp. Letss see how this ends after successful trades of last week. Telegram link t.me/activetrader82#nifty #nifty50#stockmarket#sensex","entering nifty puts here at cmp 24605. i am entering next week expiry to avoid lot of decay, just in case the movement is not that sharp. letss see how this ends after successful trades of last week. telegram link t.me/activetrader82#nifty #nifty50#stockmarket#sensex",0,0,0,163,[],"['nifty', 'nifty50', 'stockmarket', 'sensex']",nifty50,https://x.com/activet82/status/2084174508097704330,2026-08-04T03:44:34.596914+00:00,f1562f251ec36aca47b373a9bea1678d68d518f6,0
2084174696841613625,_Profitscout,2026-08-03 07:09:04+00:00,Back to Back TP6 in #banknifty & #jublfood Power of Research Desk trades from Profitscout,back to back tp6 in #banknifty & #jublfood power of research desk trades from profitscout,0,0,4,533,[],"['banknifty', 'jublfood']",banknifty,https://x.com/_Profitscout/status/2084174696841613625,2026-08-04T04:43:29.057365+00:00,281958908d79cb43d9968d1b78907ab9b2747309,4
2084174754320367882,TheCoolestSoul,2026-08-03 07:09:18+00:00,"Bhai ho gaye convince ab toh , yaa abi kuch or baki hai... Market is Supreme. .....#stockmarket #nifty #nifty50 #investing #crypto","bhai ho gaye convince ab toh , yaa abi kuch or baki hai... market is supreme. .....#stockmarket #nifty #nifty50 #investing #crypto",0,0,0,160,[],"['stockmarket', 'nifty', 'nifty50', 'investing', 'crypto']",nifty50,https://x.com/TheCoolestSoul/status/2084174754320367882,2026-08-04T03:44:34.596914+00:00,19a6d97ca5a6dff5ca322af0b6fd373a57f9db1f,0
2084174896276603036,BusinessTimesIn,2026-08-03 07:09:52+00:00,Sensex Today | Market Update Swiggy shares fall 6% in 2 days despite strong Q1 earnings. Swiggy Ltd.: 286.80 (0.69%) #StockMarketIndia #Nifty50,sensex today | market update swiggy shares fall 6% in 2 days despite strong q1 earnings. swiggy ltd.: 286.80 (0.69%) #stockmarketindia #nifty50,1,0,0,85,[],"['stockmarketindia', 'nifty50']",nifty50,https://x.com/BusinessTimesIn/status/2084174896276603036,2026-08-04T03:44:34.596914+00:00,5fb3c01255e7f29d86c3f792cf90e876e449917c,1
2084175269276115268,manoj67368,2026-08-03 07:11:20+00:00,"Indian equities gained momentum today as investors welcomed easing crude oil prices, strong corporate earnings, and improved market sentiment. Banking and financial stocks led the positive move, keeping bulls in control. #StockMarket #Sensex #Nifty50 #Investing #Finance #India","indian equities gained momentum today as investors welcomed easing crude oil prices, strong corporate earnings, and improved market sentiment. banking and financial stocks led the positive move, keeping bulls in control. #stockmarket #sensex #nifty50 #investing #finance #india",0,0,0,68,[],"['stockmarket', 'sensex', 'nifty50', 'investing', 'finance', 'india']",nifty50,https://x.com/manoj67368/status/2084175269276115268,2026-08-04T03:44:34.596914+00:00,45d93eef9a07abb71cae7d29511da9f7a7d8b789,0
2084176344326537233,da_vyas,2026-08-03 07:15:37+00:00,Uploaded my entire Ebook library on G-drive. All access granted. drive.google.com/drive/folders/ ...,uploaded my entire ebook library on g-drive. all access granted. drive.google.com/drive/folders/ ...,194,753,2686,362900,[],[],mixed,https://x.com/da_vyas/status/2084176344326537233,2026-08-04T05:51:10.557735+00:00,369e27a02eb4bbc15e651d5af4a02f5f0c8d3c16,3633
2084176475155001690,stocky_bulls,2026-08-03 07:16:08+00:00,Join our Telegram Channel for: Live Market Updates Trading Setups Instant Trade Alerts Stock Market Insights Join Here: t.me/stocky_bulls#NIFTY #SENSEX #StockMarket #OptionsTrading #Intraday #Trading #Telegram #StockyBulls#OmegaStockRadar#StockInFocus,join our telegram channel for: live market updates trading setups instant trade alerts stock market insights join here: t.me/stocky_bulls#nifty #sensex #stockmarket #optionstrading #intraday #trading #telegram #stockybulls#omegastockradar#stockinfocus,1,0,1,140,[],"['nifty', 'sensex', 'stockmarket', 'optionstrading', 'intraday', 'trading', 'telegram', 'stockybulls', 'omegastockradar', 'stockinfocus']",sensex,https://x.com/stocky_bulls/status/2084176475155001690,2026-08-04T06:24:53.319083+00:00,f638694553a5a5b44b0370088cda8a40504419c8,2
2084176821541814396,bsindia,2026-08-03 07:17:31+00:00,"The 1991 reforms transformed more than #India's economy—they also reshaped its benchmark stock index. Today, only 7 of the 30 #Sensex companies from 1991 are still part of the index. Full story mybs.in/2g8Obvu @KantKrishna30","the 1991 reforms transformed more than #india's economy—they also reshaped its benchmark stock index. today, only 7 of the 30 #sensex companies from 1991 are still part of the index. full story mybs.in/2g8obvu @kantkrishna30",2,2,5,5992,['KantKrishna30'],"['india', 'sensex']",sensex,https://x.com/bsindia/status/2084176821541814396,2026-08-04T06:24:53.319083+00:00,ee5da68844274b109a859c469291f1bf8917cfae,9
2084176823827747309,bsindia,2026-08-03 07:17:31+00:00,"The composition of the #Sensex has changed alongside the economy. #Manufacturing companies that dominated the index in 1991 have given way to banking and financial services, with IT, telecom, retail and internet businesses gaining prominence.","the composition of the #sensex has changed alongside the economy. #manufacturing companies that dominated the index in 1991 have given way to banking and financial services, with it, telecom, retail and internet businesses gaining prominence.",1,0,0,472,[],"['sensex', 'manufacturing']",sensex,https://x.com/bsindia/status/2084176823827747309,2026-08-04T06:24:53.319083+00:00,bd69bb364f48c24405e7378dfc030d0a4e323041,1
2084176826923172060,bsindia,2026-08-03 07:17:32+00:00,"The numbers tell the story. Since March 1991, the #Sensex has risen from 1,168 to 78,094.6, while the combined m-cap of its constituents has grown from ₹20,193.8 cr to ₹157.2 trn.","the numbers tell the story. since march 1991, the #sensex has risen from 1,168 to 78,094.6, while the combined m-cap of its constituents has grown from ₹20,193.8 cr to ₹157.2 trn.",0,0,0,412,[],['sensex'],sensex,https://x.com/bsindia/status/2084176826923172060,2026-08-04T06:24:53.319083+00:00,d933a219d8c8abc8af7c6eeb669104c2bb00aaa7,0
2084176959630942323,Abhishe79459720,2026-08-03 07:18:03+00:00,Ireda 132 ce 1.30 buy cmp hero zero sl zero tgt 5++ only one lot #Ireda #Nifty #Banknifty #stockmarket,ireda 132 ce 1.30 buy cmp hero zero sl zero tgt 5++ only one lot #ireda #nifty #banknifty #stockmarket,2,1,21,3655,[],"['ireda', 'nifty', 'banknifty', 'stockmarket']",banknifty,https://x.com/Abhishe79459720/status/2084176959630942323,2026-08-04T04:43:29.057365+00:00,3c88ad90763b5f30ea5a501e959fea9a559eec7d,24
2084177026605543480,MumbaiNewsHQ,2026-08-03 07:18:19+00:00,"Markets kick off the week with a bang! Sensex jumps 500+ points, Nifty crosses 24,500 - highest level since April Falling crude oil prices & US-Iran talks optimism fuel the rally, foreign investors return to Indian equities #Sensex #Nifty #StockMarket #RBI #MarketUpdate","markets kick off the week with a bang! sensex jumps 500+ points, nifty crosses 24,500 - highest level since april falling crude oil prices & us-iran talks optimism fuel the rally, foreign investors return to indian equities #sensex #nifty #stockmarket #rbi #marketupdate",0,0,0,99,[],"['sensex', 'nifty', 'stockmarket', 'rbi', 'marketupdate']",sensex,https://x.com/MumbaiNewsHQ/status/2084177026605543480,2026-08-04T06:24:53.319083+00:00,da01b5ad99e045a84a2942eeb5811a8a77056bd4,0
2084177211352137953,NewAgeTraderX,2026-08-03 07:19:03+00:00,#TITAGARH: might become a talk again #nifty #sensex #trading #stockmarket,#titagarh: might become a talk again #nifty #sensex #trading #stockmarket,0,0,0,154,[],"['titagarh', 'nifty', 'sensex', 'trading', 'stockmarket']",sensex,https://x.com/NewAgeTraderX/status/2084177211352137953,2026-08-04T06:24:53.319083+00:00,15753582523d95a3bc600a39a05cf3acca32075c,0
2084178128075997343,aks_immortal,2026-08-03 07:22:42+00:00,"Market on fire this morning youtube.com/shorts/wsctWbW ... #Sensex +500pts, #Nifty above 24,500 Crude oil crashes ~7% overnight #FII turn net buyers again RBI verdict due Wednesday #NSE extends F&O close to 3:40 PM (from today!) Is Nifty hitting 25k this week?","market on fire this morning youtube.com/shorts/wsctwbw ... #sensex +500pts, #nifty above 24,500 crude oil crashes ~7% overnight #fii turn net buyers again rbi verdict due wednesday #nse extends f&o close to 3:40 pm (from today!) is nifty hitting 25k this week?",0,0,0,140,[],"['sensex', 'nifty', 'fii', 'nse']",sensex,https://x.com/aks_immortal/status/2084178128075997343,2026-08-04T06:24:53.319083+00:00,20246138a0cefe7c4f7a5b493018e9c563fd6e9c,0
2084178176063017034,tamcoolin,2026-08-03 07:22:53+00:00,Nifty Midday Market Update | Institutional Intraday Analysis | 3rd August 2026 #Nifty #BankNifty #Sensex #StockMarket #IntradayTrading #OptionsTrading #TechnicalAnalysis #PriceAction #MarketStructure #VolumeProfile #IndianStockMarket #BongTrader,nifty midday market update | institutional intraday analysis | 3rd august 2026 #nifty #banknifty #sensex #stockmarket #intradaytrading #optionstrading #technicalanalysis #priceaction #marketstructure #volumeprofile #indianstockmarket #bongtrader,0,0,1,106,[],"['nifty', 'banknifty', 'sensex', 'stockmarket', 'intradaytrading', 'optionstrading', 'technicalanalysis', 'priceaction', 'marketstructure', 'volumeprofile', 'indianstockmarket', 'bongtrader']",mixed,https://x.com/tamcoolin/status/2084178176063017034,2026-08-04T04:10:53.120884+00:00,436b68a3d7e36afda047f9adcb1cb76bd0dba3b2,1
2084178208833028118,TheDojiWiz,2026-08-03 07:23:01+00:00,#banknifty #sensex #finnifty #cnxfinance #nifty UPDATE 24571 needs to break. *Diy Analysis,#banknifty #sensex #finnifty #cnxfinance #nifty update 24571 needs to break. *diy analysis,0,1,1,316,[],"['banknifty', 'sensex', 'finnifty', 'cnxfinance', 'nifty']",mixed,https://x.com/TheDojiWiz/status/2084178208833028118,2026-08-04T04:10:53.120884+00:00,116fac8118cef1ba856402152f72c598f2b1dd5d,2
2084178927325688208,ajinkyarahane88,2026-08-03 07:25:53+00:00,"A fantastic Commonwealth Games campaign by Team India. Congratulations to all our medal winners for making the nation proud. To those who missed out on a medal this time, keep believing and keep striving, your dedication and commitment inspire us all.","a fantastic commonwealth games campaign by team india. congratulations to all our medal winners for making the nation proud. to those who missed out on a medal this time, keep believing and keep striving, your dedication and commitment inspire us all.",10,135,4198,161683,[],[],mixed,https://x.com/ajinkyarahane88/status/2084178927325688208,2026-08-04T05:56:58.625017+00:00,306e0e95a6dad1edb3582798eab8a27a8ee0a921,4343
2084179395451965725,_Creer_sonador,2026-08-03 07:27:44+00:00,SENSEX - Option Buying #Sensex #Nifty50 #IndianStockMarket #StockMarket #DalalStreet #NSE #BSE #Investing #Trading #SmallCap #MidCap #Multibagger #MarketUpdate,sensex - option buying #sensex #nifty50 #indianstockmarket #stockmarket #dalalstreet #nse #bse #investing #trading #smallcap #midcap #multibagger #marketupdate,0,0,3,269,[],"['sensex', 'nifty50', 'indianstockmarket', 'stockmarket', 'dalalstreet', 'nse', 'bse', 'investing', 'trading', 'smallcap', 'midcap', 'multibagger', 'marketupdate']",mixed,https://x.com/_Creer_sonador/status/2084179395451965725,2026-08-04T04:10:53.120884+00:00,f37d4186da57ba161e2539bcd4cd6d7adb987367,3
2084179585034600887,skkpta,2026-08-03 07:28:29+00:00,@grok #banknifty when your blood boils up ?? #India #stock #market #sensex,@grok #banknifty when your blood boils up ?? #india #stock #market #sensex,1,0,0,47,['grok'],"['banknifty', 'india', 'stock', 'market', 'sensex']",banknifty,https://x.com/skkpta/status/2084179585034600887,2026-08-04T04:43:29.057365+00:00,7a3d5fe75eba13bf62df991acf87a4ac1c688900,1
2084179725724049534,PriyaTiwar47r,2026-08-03 07:29:03+00:00,"BUY NIFTY 24800 PE 04 AUG ABOVE - 200 1st TARGET - 240 2nd TARGET - 280 SL - ? NOTE - NO BUY SELL RECOMMENDATION, ONLY FOR LEARNING PURPOSE #NIFTY #SENSEX #CRUDEOIL","buy nifty 24800 pe 04 aug above - 200 1st target - 240 2nd target - 280 sl - ? note - no buy sell recommendation, only for learning purpose #nifty #sensex #crudeoil",0,1,2,404,[],"['nifty', 'sensex', 'crudeoil']",mixed,https://x.com/PriyaTiwar47r/status/2084179725724049534,2026-08-04T04:10:53.120884+00:00,d1b227565ed075b8e4292b82409f4c4ec0d969c0,3
2084179966418198879,rediffbusiness,2026-08-03 07:30:00+00:00,"Sensex and Nifty climb as lower crude prices, easing US-Iran tensions and fresh foreign inflows lift investor sentiment. Read more: rediff.com/business/repor ...#Sensex #Nifty #StockMarket #CrudeOil","sensex and nifty climb as lower crude prices, easing us-iran tensions and fresh foreign inflows lift investor sentiment. read more: rediff.com/business/repor ...#sensex #nifty #stockmarket #crudeoil",0,0,0,127,[],"['sensex', 'nifty', 'stockmarket', 'crudeoil']",mixed,https://x.com/rediffbusiness/status/2084179966418198879,2026-08-04T04:10:53.120884+00:00,64d7c2fc59c19159502c3e22670d4b3b7a93fd82,0
2084179964610662553,IntegratedTweet,2026-08-03 07:30:00+00:00,Ever wondered what Sensex and Nifty actually represent? This carousel breaks down the key differences and explains how these market indices help track the performance of India's leading companies. #Sensex #Nifty #StockMarket #InvestorEducation #IntegratedEnterprises,ever wondered what sensex and nifty actually represent? this carousel breaks down the key differences and explains how these market indices help track the performance of india's leading companies. #sensex #nifty #stockmarket #investoreducation #integratedenterprises,0,0,0,71,[],"['sensex', 'nifty', 'stockmarket', 'investoreducation', 'integratedenterprises']",mixed,https://x.com/IntegratedTweet/status/2084179964610662553,2026-08-04T04:10:53.120884+00:00,88a541288a96446e126a6837afe24006d0ef0a31,0
2084180326600065042,jschanan,2026-08-03 07:31:26+00:00,Intraday Large Deals #Block #blockdeal #intraday #bigblock #LargeDeal#TourismFinance #PineLabs #TVSMotor #AvenueSupermar #UrbanCompany #BajajAuto #BluestoneJewel #Lupin #VodafoneIdea #One97Paytm #One97Paytm #Redington #VodafoneIdea #HindustanAeron #HindustanAeron,intraday large deals #block #blockdeal #intraday #bigblock #largedeal#tourismfinance #pinelabs #tvsmotor #avenuesupermar #urbancompany #bajajauto #bluestonejewel #lupin #vodafoneidea #one97paytm #one97paytm #redington #vodafoneidea #hindustanaeron #hindustanaeron,0,0,1,570,[],"['block', 'blockdeal', 'intraday', 'bigblock', 'largedeal', 'tourismfinance', 'pinelabs', 'tvsmotor', 'avenuesupermar', 'urbancompany', 'bajajauto', 'bluestonejewel', 'lupin', 'vodafoneidea', 'one97paytm', 'one97paytm', 'redington', 'vodafoneidea', 'hindustanaeron', 'hindustanaeron']",intraday,https://x.com/jschanan/status/2084180326600065042,2026-08-04T04:40:57.444878+00:00,1e93b555dae89963ac53cb71c644e6774aef11ea,1
2084180389460131857,analytical_eye,2026-08-03 07:31:41+00:00,"Live market update youtu.be/karNnSq0Iss Not for trading advice, just to help you navigate the day using #GreekNova #nifty50 #banknifty #stockmarketindia","live market update youtu.be/karnnsq0iss not for trading advice, just to help you navigate the day using #greeknova #nifty50 #banknifty #stockmarketindia",0,0,1,493,[],"['greeknova', 'nifty50', 'banknifty', 'stockmarketindia']",nifty50,https://x.com/analytical_eye/status/2084180389460131857,2026-08-04T03:44:31.098676+00:00,93f5f60a29f4372f5d7d9a0ce6df5dbeb7bb4208,1
2084180412285473003,SBull64482,2026-08-03 07:31:47+00:00,#intraday Not sure how many of them bet on #BHARTIARTL Its a fantastic call picked at right moment & fall like flight. If u take future 1 lot (1958.2 - 1953.5) = 4.7 * 475 (1 lot) = Rs 2232.5 profit u made. All live & do you agree a world class product made with love from India.,#intraday not sure how many of them bet on #bhartiartl its a fantastic call picked at right moment & fall like flight. if u take future 1 lot (1958.2 - 1953.5) = 4.7 * 475 (1 lot) = rs 2232.5 profit u made. all live & do you agree a world class product made with love from india.,0,0,0,437,[],"['intraday', 'bhartiartl']",intraday,https://x.com/SBull64482/status/2084180412285473003,2026-08-04T04:41:08.762002+00:00,c0253c2dd042967717f36b16d4c6ef60f327e38f,0
2084181941750992962,OptionTrader383,2026-08-03 07:37:51+00:00,Dear President #DonaldTrump Sir Millions of small fishes in Indian Share Market has trapped in 24500 C E with high Premium prices over 100 that means over 35000 crore you can earn if you now just say Will bomb #Iran heavily this Night. Please say it for me#Nifty50 #Sensex,dear president #donaldtrump sir millions of small fishes in indian share market has trapped in 24500 c e with high premium prices over 100 that means over 35000 crore you can earn if you now just say will bomb #iran heavily this night. please say it for me#nifty50 #sensex,0,0,2,193,[],"['donaldtrump', 'iran', 'nifty50', 'sensex']",nifty50,https://x.com/OptionTrader383/status/2084181941750992962,2026-08-04T03:44:31.098676+00:00,a952b7d3fbc272b184d24f3d163f7326853150bd,2
2084181985455706339,nikkhilbk,2026-08-03 07:38:02+00:00,Nifty 50 Live Update RES: No Resistance SUP: Strong Support Bias: Positive Bulls stay in control near intraday highs. Intraday bias can change fast. #Nifty50 #Intraday #PriceAction,nifty 50 live update res: no resistance sup: strong support bias: positive bulls stay in control near intraday highs. intraday bias can change fast. #nifty50 #intraday #priceaction,0,0,1,133,[],"['nifty50', 'intraday', 'priceaction']",nifty50,https://x.com/nikkhilbk/status/2084181985455706339,2026-08-04T03:44:31.098676+00:00,a0a67ba4bbf3898d3d8f45d6c7620e667d04c9b4,1
2084182433130573870,aaryatiwarii,2026-08-03 07:39:48+00:00,Protests when india conducted nuclear tests,protests when india conducted nuclear tests,109,1264,7593,369482,[],[],mixed,https://x.com/aaryatiwarii/status/2084182433130573870,2026-08-04T05:49:53.515198+00:00,9fafc9557a8e4c8cfabbf60e833549c23d60cf6d,8966
2084182478483529981,ETNowSwadesh,2026-08-03 07:39:59+00:00,"5 Superstars of Nifty 50 Earnings: RIL, ICICI Bank, Bajaj Finance Among Companies That Emerged as Leaders in Large Caps, Top Upgrades and Downgrades #EarningsWithSwadesh #Q1Results #Nifty50 #StocksToWatch #StockMarket","5 superstars of nifty 50 earnings: ril, icici bank, bajaj finance among companies that emerged as leaders in large caps, top upgrades and downgrades #earningswithswadesh #q1results #nifty50 #stockstowatch #stockmarket",0,0,0,846,[],"['earningswithswadesh', 'q1results', 'nifty50', 'stockstowatch', 'stockmarket']",nifty50,https://x.com/ETNowSwadesh/status/2084182478483529981,2026-08-04T03:44:31.098676+00:00,b74061fe4c3ca914688c7f720708e511964ea728,0
2084182685027553319,deryaa1214,2026-08-03 07:40:49+00:00,"We stayed at a hotel with my boyfriend last night, I got into the shower, and the faucet was moving like this. What could be the reason? Please explain","we stayed at a hotel with my boyfriend last night, i got into the shower, and the faucet was moving like this. what could be the reason? please explain",2536,2409,14965,5877574,[],[],mixed,https://x.com/deryaa1214/status/2084182685027553319,2026-08-04T05:40:34.466042+00:00,9e9b21329c0844945e777be4f641a4c9b88718dc,19910
2084182709308698696,Hrithikbh55,2026-08-03 07:40:54+00:00,BOOM BOOM BOOM 40 POINTS DONE IN NIFTY PROFIT IN PUT SIDE WHEN EVERYONE IS BULLISH #NIFTY #SENSEX #CRUDEOIL,boom boom boom 40 points done in nifty profit in put side when everyone is bullish #nifty #sensex #crudeoil,0,0,4,294,[],"['nifty', 'sensex', 'crudeoil']",mixed,https://x.com/Hrithikbh55/status/2084182709308698696,2026-08-04T04:10:49.768955+00:00,79236815ddfced9d7791ca3dc08f55bee91fa293,4
2084182833980178606,BusinessTimesIn,2026-08-03 07:41:24+00:00,Sensex Today | Market Update Top gainers at this hour. . Infibeam Avenues: 17.27 (8.96%) KIOCL: 397.00 (8.61%) Redington: 348.00 (8.20%) LTIMindtree: 4707.90 (7.93%) Balrampur Chini: 630.25 (7.52%) #StockMarketIndia #Nifty50,sensex today | market update top gainers at this hour. . infibeam avenues: 17.27 (8.96%) kiocl: 397.00 (8.61%) redington: 348.00 (8.20%) ltimindtree: 4707.90 (7.93%) balrampur chini: 630.25 (7.52%) #stockmarketindia #nifty50,1,0,0,199,[],"['stockmarketindia', 'nifty50']",nifty50,https://x.com/BusinessTimesIn/status/2084182833980178606,2026-08-04T03:44:31.098676+00:00,7f6f7eb7dda61a99b91ef79a44a0053e26de7833,1
2084183094949732587,NewAgeTraderX,2026-08-03 07:42:26+00:00,#GABRIEL: Next breakout pending #nifty #sensex #trade #stockmarket,#gabriel: next breakout pending #nifty #sensex #trade #stockmarket,0,0,0,112,[],"['gabriel', 'nifty', 'sensex', 'trade', 'stockmarket']",mixed,https://x.com/NewAgeTraderX/status/2084183094949732587,2026-08-04T04:10:49.768955+00:00,e16d506d3ef506cdb4294e81d4871bcd5ca621b1,0
2084183478791463219,AnshulRanka4,2026-08-03 07:43:58+00:00,Expecting a good move in walchannag in coming days #WALCHANNAG #NIFTY50,expecting a good move in walchannag in coming days #walchannag #nifty50,0,0,0,126,[],"['walchannag', 'nifty50']",nifty50,https://x.com/AnshulRanka4/status/2084183478791463219,2026-08-04T03:44:31.098676+00:00,22cdfd8e68132c294e4a97ca9967b7bdc73f68dd,0
2084183738586403060,echoesofworld,2026-08-03 07:45:00+00:00,Greece,greece,3,135,780,24083,[],[],mixed,https://x.com/echoesofworld/status/2084183738586403060,2026-08-04T05:57:17.006633+00:00,5b50f3e60d6abc8f03a42a3fcd10e6045a1d2d06,918
2084183746564001959,nextipoindia,2026-08-03 07:45:02+00:00,Thangamayil Jewellery Shares Crash 32% in a Week: What Should Investors Do? nextipoindia.com/thangamayil-je ... #IndianStockMarket #Nifty50 #Sensex #BSE #NSE #InvestIndia #ShareMarket #EquityMarket #News,thangamayil jewellery shares crash 32% in a week: what should investors do? nextipoindia.com/thangamayil-je ... #indianstockmarket #nifty50 #sensex #bse #nse #investindia #sharemarket #equitymarket #news,0,0,0,159,[],"['indianstockmarket', 'nifty50', 'sensex', 'bse', 'nse', 'investindia', 'sharemarket', 'equitymarket', 'news']",nifty50,https://x.com/nextipoindia/status/2084183746564001959,2026-08-04T03:44:31.098676+00:00,959d1303faad9b2b0db9d1ebfdddbc68798fca67,0
2084183887237009690,Noledge_For_U,2026-08-03 07:45:35+00:00,Lagta hai iran abhi deny kar rha hai but evening tak apni team ready karega negotiations ke liye..but jo bhi hoga sab bhram hoga Dono side ko full scale war ke liye time chahiye.. Isliye continue karenge... aisa mujhe lagta hai jo bhi observation hai... #nifty #niftybank #sensex,lagta hai iran abhi deny kar rha hai but evening tak apni team ready karega negotiations ke liye..but jo bhi hoga sab bhram hoga dono side ko full scale war ke liye time chahiye.. isliye continue karenge... aisa mujhe lagta hai jo bhi observation hai... #nifty #niftybank #sensex,0,0,0,94,[],"['nifty', 'niftybank', 'sensex']",mixed,https://x.com/Noledge_For_U/status/2084183887237009690,2026-08-04T04:10:49.768955+00:00,d83712fa76de1f1aab12656998588ab090ee40e8,0
2084183925727821896,Acharyshaillesh,2026-08-03 07:45:44+00:00,Now tomorrow Will available update #Nifty #Nifty50 our system update every 15 minutes.,now tomorrow will available update #nifty #nifty50 our system update every 15 minutes.,0,0,1,284,[],"['nifty', 'nifty50']",nifty50,https://x.com/Acharyshaillesh/status/2084183925727821896,2026-08-04T03:44:31.098676+00:00,5dec7467e2bdd4d37a3d6a2ed5a9971ebfb24044,1
2084184042816287156,tamcoolin,2026-08-03 07:46:12+00:00,Sensex Midday Update | Bulls Defend Key Value Area as Momentum Stays Positive #Nifty #BankNifty #Sensex #StockMarket #IntradayTrading #OptionsTrading #TechnicalAnalysis #PriceAction #MarketStructure #VolumeProfile #IndianStockMarket #BongTrader,sensex midday update | bulls defend key value area as momentum stays positive #nifty #banknifty #sensex #stockmarket #intradaytrading #optionstrading #technicalanalysis #priceaction #marketstructure #volumeprofile #indianstockmarket #bongtrader,0,0,1,115,[],"['nifty', 'banknifty', 'sensex', 'stockmarket', 'intradaytrading', 'optionstrading', 'technicalanalysis', 'priceaction', 'marketstructure', 'volumeprofile', 'indianstockmarket', 'bongtrader']",mixed,https://x.com/tamcoolin/status/2084184042816287156,2026-08-04T04:10:49.768955+00:00,2cc17b185766e1617341884b775f56168e3ec051,1
2084184302355657204,japardie,2026-08-03 07:47:14+00:00,BE READY TO WITNESS SHORT COVERING. 79000 CE EXPLODING IN PROCESS #sensex #nifty,be ready to witness short covering. 79000 ce exploding in process #sensex #nifty,0,0,0,90,[],"['sensex', 'nifty']",mixed,https://x.com/japardie/status/2084184302355657204,2026-08-04T04:10:49.768955+00:00,3907e9c879278afd554c5c856ff5c028e0544107,0
2084185120899322250,AnshulRanka4,2026-08-03 07:50:29+00:00,Bought #tatasteel at 190.6 #tatasteel #nifty50,bought #tatasteel at 190.6 #tatasteel #nifty50,0,0,0,118,[],"['tatasteel', 'tatasteel', 'nifty50']",nifty50,https://x.com/AnshulRanka4/status/2084185120899322250,2026-08-04T03:44:31.098676+00:00,957743234c9c2ea32098d3cbc858af7cf6487c1f,0
2084185268987519363,BusinessTimesIn,2026-08-03 07:51:05+00:00,Sensex Today | Market Update One MobiKwik shares surge over 65 after reporting Q1 results. One Mobikwik Systems: 217.91 (6.19%) #StockMarketIndia #Nifty50,sensex today | market update one mobikwik shares surge over 65 after reporting q1 results. one mobikwik systems: 217.91 (6.19%) #stockmarketindia #nifty50,1,0,0,99,[],"['stockmarketindia', 'nifty50']",nifty50,https://x.com/BusinessTimesIn/status/2084185268987519363,2026-08-04T03:44:31.098676+00:00,44544cb4c756dab8a9d92f51ff45b21b7ce46731,1
2084185624106631520,Iammohitvarma,2026-08-03 07:52:29+00:00,Crash loading #nifty#sensex,crash loading #nifty#sensex,0,0,0,122,[],"['nifty', 'sensex']",sensex,https://x.com/Iammohitvarma/status/2084185624106631520,2026-08-04T06:24:49.379605+00:00,b177646b89a86a0286ea9a9b2c1007a69972fb63,0
2084185791945961788,DevMotwani22,2026-08-03 07:53:09+00:00,And the Nifty is trading near 24600 now.... Almost a 1000 point rally since our tweet. It has in fact broken the resistance of 24450-24500 and is currently trading above it. Let’s review what’s next after today’s closing. #Nifty50,and the nifty is trading near 24600 now.... almost a 1000 point rally since our tweet. it has in fact broken the resistance of 24450-24500 and is currently trading above it. let’s review what’s next after today’s closing. #nifty50,0,0,0,267,[],['nifty50'],nifty50,https://x.com/DevMotwani22/status/2084185791945961788,2026-08-04T03:44:31.098676+00:00,3bf5fcd863fd528e323d8ee679a66fb46dcc7985,0
2084186003397325291,obsessed_trader,2026-08-03 07:54:00+00:00,Never increase your position to fix a bad trade Add to winners not to hope #Nifty50 #Sensex,never increase your position to fix a bad trade add to winners not to hope #nifty50 #sensex,0,0,1,61,[],"['nifty50', 'sensex']",nifty50,https://x.com/obsessed_trader/status/2084186003397325291,2026-08-04T03:44:31.098676+00:00,9032ffdfb7a4c14391e669b384234b1748dd3c2c,1
2084186075858452806,SAURABH84034448,2026-08-03 07:54:17+00:00,Craftsman Automation Ltd..... One need to study this stock.....interesting setup #nifty50 #nifty#banknifty #market#multibagger,craftsman automation ltd..... one need to study this stock.....interesting setup #nifty50 #nifty#banknifty #market#multibagger,0,0,0,172,[],"['nifty50', 'nifty', 'banknifty', 'market', 'multibagger']",banknifty,https://x.com/SAURABH84034448/status/2084186075858452806,2026-08-04T04:43:25.905828+00:00,5b5895642a92a1111351f2f653cde987962ad67a,0
2084186705515741337,ShivaVuyyuru,2026-08-03 07:56:47+00:00,1. Monthly ATM options of Nifty 24600CE & Nifty 24600PE formed IS30 & IB30 respectively at [287.25-269.30] & [220.60-236.40] 2. IS30 gets activated when 24000 CE gives up 269.30 & Target will be 251 3. IB30 gets activated when 24600PE crosses 236.40 & Target will be 252,1. monthly atm options of nifty 24600ce & nifty 24600pe formed is30 & ib30 respectively at [287.25-269.30] & [220.60-236.40] 2. is30 gets activated when 24000 ce gives up 269.30 & target will be 251 3. ib30 gets activated when 24600pe crosses 236.40 & target will be 252,1,0,29,3953,[],[],mixed,https://x.com/ShivaVuyyuru/status/2084186705515741337,2026-08-04T05:56:21.941992+00:00,4049a0caae4cadd2b0db5a9a5139ecdef27bbf5a,30
2084187047091491248,prshntpandey7,2026-08-03 07:58:09+00:00,I'm buying Nifty 25650 pe @ 95 SL 70 #Nifty#Sensex#Banknifty#Optionstrading#StockmarketIndia#Optionsbuying#HeroZero,i'm buying nifty 25650 pe @ 95 sl 70 #nifty#sensex#banknifty#optionstrading#stockmarketindia#optionsbuying#herozero,0,1,0,621,[],"['nifty', 'sensex', 'banknifty', 'optionstrading', 'stockmarketindia', 'optionsbuying', 'herozero']",banknifty,https://x.com/prshntpandey7/status/2084187047091491248,2026-08-04T04:43:25.905828+00:00,dada491a96246165efcbcb3e777c04c57ac298d7,1
2084187346350875109,TradesByAnand,2026-08-03 07:59:20+00:00,New Closing Auction Session (CAS) goes live today #Nifty50 #indianstocks #SwingTrading,new closing auction session (cas) goes live today #nifty50 #indianstocks #swingtrading,0,0,0,111,[],"['nifty50', 'indianstocks', 'swingtrading']",mixed,https://x.com/TradesByAnand/status/2084187346350875109,2026-08-04T04:10:46.603624+00:00,29f3c2cc8b876ebb11408886207664392e849f5c,0
2084187545307332951,jayantonline,2026-08-03 08:00:07+00:00,35 years. Just 7 companies. Still standing strong in the Sensex since 1991. The biggest wealth creators: M&M — 25.7% CAGR Reliance — 21.5% L&T — 20.1% Time in great businesses can create extraordinary wealth. Longevity + compounding is a formidable combination. #Sensex,35 years. just 7 companies. still standing strong in the sensex since 1991. the biggest wealth creators: m&m — 25.7% cagr reliance — 21.5% l&t — 20.1% time in great businesses can create extraordinary wealth. longevity + compounding is a formidable combination. #sensex,0,0,0,35,[],['sensex'],mixed,https://x.com/jayantonline/status/2084187545307332951,2026-08-04T04:10:46.603624+00:00,e2b31a1af0909048f8b14472089a6bdb87e5971b,0
2084187622113476859,IndianTechGuide,2026-08-03 08:00:26+00:00,"India’s Top Carmakers by July 2026 Sales. Maruti Suzuki - 1,96,203 Tata - 62,611 Mahindra - 60,048 Hyundai - 54,210 Toyota - 30,516 Kia - 28,200 JSW MG - 8,158 Nissan - 4,518","india’s top carmakers by july 2026 sales. maruti suzuki - 1,96,203 tata - 62,611 mahindra - 60,048 hyundai - 54,210 toyota - 30,516 kia - 28,200 jsw mg - 8,158 nissan - 4,518",58,118,2145,59683,[],[],mixed,https://x.com/IndianTechGuide/status/2084187622113476859,2026-08-04T05:57:53.990610+00:00,4c07341288e6a90d648b77b58fe8c8dca65d3476,2321
2084187724421190047,saraamorim_2004,2026-08-03 08:00:50+00:00,"#Nifty50 On Saturday, everyone was expecting a dip, but the market always has something to surprise you.","#nifty50 on saturday, everyone was expecting a dip, but the market always has something to surprise you.",0,0,0,54,[],['nifty50'],mixed,https://x.com/saraamorim_2004/status/2084187724421190047,2026-08-04T04:10:46.603624+00:00,c238328a785493470f169fa4705415fd1e96afff,0
2084187792096305257,BusinessTimesIn,2026-08-03 08:01:06+00:00,"Sensex Today | Market Update Vedanta, Coal India among 15 largecap stocks with high dividend yields #StockMarketIndia #Nifty50","sensex today | market update vedanta, coal india among 15 largecap stocks with high dividend yields #stockmarketindia #nifty50",1,0,0,93,[],"['stockmarketindia', 'nifty50']",mixed,https://x.com/BusinessTimesIn/status/2084187792096305257,2026-08-04T04:10:46.603624+00:00,98185466ac1920e3557bb0d0539e566bf3ba6f33,1
2084187877211250906,NewAgeTraderX,2026-08-03 08:01:26+00:00,Missing Opportunities? But what I would love to trade if I get opportunity again. #stock #nifty #sensex #trading #nifty50 #stockmarket,missing opportunities? but what i would love to trade if i get opportunity again. #stock #nifty #sensex #trading #nifty50 #stockmarket,1,0,0,173,[],"['stock', 'nifty', 'sensex', 'trading', 'nifty50', 'stockmarket']",sensex,https://x.com/NewAgeTraderX/status/2084187877211250906,2026-08-04T06:24:49.379605+00:00,47a38e9ff220ec28dfcbc7262de9de2291a4493b,1
2084188298147492082,suboyshah,2026-08-03 08:03:07+00:00,long krte hi kuchh dur chalte hi #nifty #sensex,long krte hi kuchh dur chalte hi #nifty #sensex,0,0,0,142,[],"['nifty', 'sensex']",mixed,https://x.com/suboyshah/status/2084188298147492082,2026-08-04T04:10:46.603624+00:00,b811738f903d22db0103e57175108f3d1f9de89d,0
2084188501952901343,Mr_MoneyTheory,2026-08-03 08:03:55+00:00,"Despite the decline, selling follow-through remains absent. Aggressive selling is being met with buying interest around 24630F. As long as 24630F is not accepted below, the bearish auction remains incomplete. #Nifty #Sensex","despite the decline, selling follow-through remains absent. aggressive selling is being met with buying interest around 24630f. as long as 24630f is not accepted below, the bearish auction remains incomplete. #nifty #sensex",0,3,4,573,[],"['nifty', 'sensex']",mixed,https://x.com/Mr_MoneyTheory/status/2084188501952901343,2026-08-04T04:10:46.603624+00:00,778719e97822ae51168257f583a1cdc8c5bedea6,7
2084188533020078529,ZeeBusiness,2026-08-03 08:04:03+00:00,"#MarketRadar | Create precise strategies for #Nifty and #BankNifty...plus, discover powerful trading calls from expert veterans... #StockMarketindia | #NewsUpdates @AnshBhilwar","#marketradar | create precise strategies for #nifty and #banknifty...plus, discover powerful trading calls from expert veterans... #stockmarketindia | #newsupdates @anshbhilwar",0,0,1,6504,['AnshBhilwar'],"['marketradar', 'nifty', 'banknifty', 'stockmarketindia', 'newsupdates']",mixed,https://x.com/ZeeBusiness/status/2084188533020078529,2026-08-04T04:10:46.603624+00:00,f6229830ed033acce173db80e20728319135ab8e,1
2084188629241634918,ifOnlyKantala,2026-08-03 08:04:26+00:00,Adipurush Movie is so unserious that there are actually ships in the ocean when Hanuman ji flying to lanka,adipurush movie is so unserious that there are actually ships in the ocean when hanuman ji flying to lanka,170,620,12468,1376778,[],[],mixed,https://x.com/ifOnlyKantala/status/2084188629241634918,2026-08-04T05:52:19.123545+00:00,fdb0f5dde137371282b5b235e2b6b7eb4c80ec9b,13258
2084188688595255519,RD804011875,2026-08-03 08:04:40+00:00,Confluence Setup Bearish Pattern+ Previous Multiple support Bearish Harmonic Pattern #ABCapital with Risk Reward 1:4 Follow and Message me for More Harmonic Analysis Telegram link in bio Only for educational Purposes #Nifty50 #NiftyBank #Crudeoil #Trump,confluence setup bearish pattern+ previous multiple support bearish harmonic pattern #abcapital with risk reward 1:4 follow and message me for more harmonic analysis telegram link in bio only for educational purposes #nifty50 #niftybank #crudeoil #trump,0,0,0,257,[],"['abcapital', 'nifty50', 'niftybank', 'crudeoil', 'trump']",mixed,https://x.com/RD804011875/status/2084188688595255519,2026-08-04T04:10:46.603624+00:00,1c1df4d01751828a886beeb9459c6f591cb07de6,0
2084188970598957413,TheRussianTRex,2026-08-03 08:05:47+00:00,Booring Market and Expiry Whole Day Nifty Moved Between 50 Points And Sensex - 200 Points Good For Sellers Call Put Buyers Might Have Faced Huge Decay #Nifty #Sensex,booring market and expiry whole day nifty moved between 50 points and sensex - 200 points good for sellers call put buyers might have faced huge decay #nifty #sensex,0,0,0,113,[],"['nifty', 'sensex']",mixed,https://x.com/TheRussianTRex/status/2084188970598957413,2026-08-04T04:10:46.603624+00:00,8b078c97bce214de2056b4ebe680df58229faf77,0
2084188974944575502,nikkhilbk,2026-08-03 08:05:48+00:00,Nifty 50 Live Update RES: No Resistance SUP: Strong Support Bias: Positive Bulls remain firmly in control. Intraday bias can change fast. #Nifty50 #Intraday #PriceAction,nifty 50 live update res: no resistance sup: strong support bias: positive bulls remain firmly in control. intraday bias can change fast. #nifty50 #intraday #priceaction,0,0,0,112,[],"['nifty50', 'intraday', 'priceaction']",mixed,https://x.com/nikkhilbk/status/2084188974944575502,2026-08-04T04:10:46.603624+00:00,a0e02892184572508079f3430a8a00771bade93e,0
2084189150207697326,tranqqcore,2026-08-03 08:06:30+00:00,"#BANKNIFTY This time luckily I have been able to time e Banknifty very well, if you are following my tweets I have been shorting BNF till 56000 and then flipped to long side..so worked well this time.","#banknifty this time luckily i have been able to time e banknifty very well, if you are following my tweets i have been shorting bnf till 56000 and then flipped to long side..so worked well this time.",0,0,0,19,[],['banknifty'],mixed,https://x.com/tranqqcore/status/2084189150207697326,2026-08-04T04:10:46.603624+00:00,8df0a5d344ead4d06404c5a145a2eabe75357c1a,0
2084189312590168443,vish8287,2026-08-03 08:07:09+00:00,1:30PM update. Bulls coming back to take control ? #optionstrading #intraday #nifty #banknifty #optionchain,1:30pm update. bulls coming back to take control ? #optionstrading #intraday #nifty #banknifty #optionchain,0,1,0,524,[],"['optionstrading', 'intraday', 'nifty', 'banknifty', 'optionchain']",intraday,https://x.com/vish8287/status/2084189312590168443,2026-08-04T04:41:08.762002+00:00,2ef179e7e523062f8e9fc52fab5101605d37a02c,1
2084190335048282135,wtf_nakul7,2026-08-03 08:11:12+00:00,Me pretending I understand everything Claude wrote,me pretending i understand everything claude wrote,154,664,9750,625136,[],[],mixed,https://x.com/wtf_nakul7/status/2084190335048282135,2026-08-04T05:50:43.322335+00:00,c2b1ed20ddf78304f059fee9711e0943daef535a,10568
2084190648194978192,RD804011875,2026-08-03 08:12:27+00:00,Great Reward Achieved by #UNOMINDA With Low risk High Return For more Harmonic Reversal Pattern analysis Follow and message me Telegram link in Bio This is Educational Tweet #Nifty50 #NiftyIT #Crudeoil,great reward achieved by #unominda with low risk high return for more harmonic reversal pattern analysis follow and message me telegram link in bio this is educational tweet #nifty50 #niftyit #crudeoil,0,0,0,361,[],"['unominda', 'nifty50', 'niftyit', 'crudeoil']",nifty50,https://x.com/RD804011875/status/2084190648194978192,2026-08-04T03:44:27.118243+00:00,cd873a13de281d5264b6925437d3dfb7483c6219,0
2084190705204007178,stockburst9,2026-08-03 08:12:41+00:00,#NIFTY50 RESISTANCE BREAK HOGA ?,#nifty50 resistance break hoga ?,0,1,2,2019,[],['nifty50'],nifty50,https://x.com/stockburst9/status/2084190705204007178,2026-08-04T03:44:27.118243+00:00,f4bc7f40ab6969402d16562b08b7e26eba55c431,3
